feature,importance
click,0.96947354
campaign_perf,0.011650703
cat1,0.009480488
cat4,0.002314992
cost,0.0020268261
cost_quartile,0.00091451674
cpo,0.0008982269
cat5,0.00065160333
cat3,0.00059247704
cat6,0.00049594167
